membership_id,name,first_name,last_name,date_of_birth,above_18,valid_email,valid_mobile
Smith_c7677,Patty Smith,Patty,Smith,19750827,true,true,true
Wang_04168,Sean Wang DDS,Sean,Wang,19600311,true,true,true
Estrada_0bf5b,Richard Estrada,Richard,Estrada,19921015,true,true,true
Cline_825fb,Jackson Cline,Jackson,Cline,19710121,true,true,true
Williams_3e726,Allen Williams,Allen,Williams,19971109,true,true,true
Flores_8a42c,Eric Flores,Eric,Flores,19820701,true,true,true
Richardson_ef158,Anna Richardson,Anna,Richardson,19670223,true,true,true
Gomez_876bf,Taylor Gomez,Taylor,Gomez,19821022,true,true,true
Rodriguez_93ac7,Jeremy Rodriguez,Jeremy,Rodriguez,19780828,true,true,true
Garcia_26b55,April Garcia,April,Garcia,19871231,true,true,true
Garza_40199,Sharon Garza,Sharon,Garza,20020830,true,true,true
Sanchez_364a7,Lori Sanchez,Lori,Sanchez,19980420,true,true,true
Armstrong_e2fb8,Jason Armstrong,Jason,Armstrong,19921116,true,true,true
Allison_0c21b,Jessica Allison,Jessica,Allison,19721030,true,true,true
Hall_b302a,Arthur Hall MD,Arthur,Hall,19941103,true,true,true
Meza_af7be,Sherry Meza,Sherry,Meza,19970904,true,true,true
Turner_0303a,Matthew Turner,Matthew,Turner,19940707,true,true,true
Randolph_76c7a,Sophia Randolph,Sophia,Randolph,19500807,true,true,true
Samuel_16040,Dr. Samuel Thompson,Dr.,Samuel,19840403,true,true,true
Lee_76cce,Zachary Lee,Zachary,Lee,19870704,true,true,true
Pittman_44c4d,Kara Pittman,Kara,Pittman,19680525,true,true,true
Anthony_ebd30,Gabriella Anthony,Gabriella,Anthony,19970106,true,true,true
Cantrell_b19eb,Misty Cantrell,Misty,Cantrell,19570303,true,true,true
Guerrero_d55cb,Kelly Guerrero,Kelly,Guerrero,19970203,true,true,true
Nichols_9226a,David Nichols,David,Nichols,19620819,true,true,true
Galloway_1a4d2,Shawn Galloway,Shawn,Galloway,19850419,true,true,true
Sanford_c7e24,Dennis Sanford,Dennis,Sanford,19800806,true,true,true
Murphy_0851c,Amanda Murphy,Amanda,Murphy,20000730,true,true,true
Martin_35f44,Bobby Martin,Bobby,Martin,20000331,true,true,true
Bishop_b0506,Vernon Bishop,Vernon,Bishop,19730710,true,true,true
Meyers_2871d,Phillip Meyers,Phillip,Meyers,19601022,true,true,true
Martin_6f48d,Robert Martin,Robert,Martin,19500718,true,true,true
Taylor_4fbc5,William Taylor,William,Taylor,19860131,true,true,true
Brady_bd431,Michael Brady,Michael,Brady,19500323,true,true,true
Rhodes_df266,James Rhodes,James,Rhodes,19771010,true,true,true
Ramirez_5ff32,Ryan Ramirez,Ryan,Ramirez,19850425,true,true,true
Thompson_52cd0,Stephen Thompson,Stephen,Thompson,19511112,true,true,true
Williams_446e0,Susan Williams,Susan,Williams,19760512,true,true,true
Johnson_d53b7,Dylan Johnson,Dylan,Johnson,19960107,true,true,true
King_01148,Pamela King,Pamela,King,19930929,true,true,true
Smith_634dd,Robert Smith,Robert,Smith,19870424,true,true,true
Gonzalez_31e9a,Samantha Gonzalez,Samantha,Gonzalez,19980829,true,true,true
Walker_ba5b7,Jeffery Walker,Jeffery,Walker,19560624,true,true,true
Alvarez_7bc5d,Todd Alvarez,Todd,Alvarez,19741125,true,true,true
Willis_d0046,Brett Willis,Brett,Willis,19610908,true,true,true
Wilkins_48a0a,Kristin Wilkins,Kristin,Wilkins,20020511,true,true,true
Lynch_49515,Joshua Lynch,Joshua,Lynch,19650526,true,true,true
Williams_e69d3,Deborah Williams,Deborah,Williams,19841121,true,true,true
Martin_0575d,Timothy Martin,Timothy,Martin,20030105,true,true,true
Bright_776f9,Sarah Bright,Sarah,Bright,19981115,true,true,true
Anderson_48071,Rebecca Anderson,Rebecca,Anderson,19730827,true,true,true
Frost_5ba4a,Roger Frost,Roger,Frost,19700217,true,true,true
Dunn_ae8e6,Eric Dunn,Eric,Dunn,19600712,true,true,true
Pierce_1096d,Heather Pierce,Heather,Pierce,19570813,true,true,true
Erickson_6b984,Jordan Erickson,Jordan,Erickson,19750802,true,true,true
Ali_f361f,Susan Ali,Susan,Ali,19990105,true,true,true
Wilson_f0626,Richard Wilson,Richard,Wilson,19990703,true,true,true
Butler_a60e8,Jon Butler,Jon,Butler,19870318,true,true,true
Phillips_01acd,Paul Phillips,Paul,Phillips,19970216,true,true,true
Parker_5ebc0,Adam Parker,Adam,Parker,19980722,true,true,true
Walker_a21be,Cory Walker,Cory,Walker,19621208,true,true,true
Sanchez_cf3c9,Jeffrey Sanchez,Jeffrey,Sanchez,19950914,true,true,true
Martin_7bf56,Bianca Martin,Bianca,Martin,19780205,true,true,true
King_2f8a4,Jeffrey King,Jeffrey,King,19770623,true,true,true
Wiggins_c46e0,Melanie Wiggins,Melanie,Wiggins,20000214,true,true,true
Daniel_e0b77,Mr. Daniel Smith,Mr.,Daniel,19860308,true,true,true
Lawrence_fbccd,Scott Lawrence,Scott,Lawrence,19760104,true,true,true
Sosa_8de3e,James Sosa,James,Sosa,19571108,true,true,true
Jackson_b5943,Jamie Jackson,Jamie,Jackson,19770526,true,true,true
Hatfield_bf691,Jeffrey Hatfield,Jeffrey,Hatfield,19701014,true,true,true
Phillips_c68d2,James Phillips,James,Phillips,19611019,true,true,true
Moore_6e3b7,Jessica Moore,Jessica,Moore,19990509,true,true,true
Anderson_6c12a,Richard Anderson,Richard,Anderson,19700405,true,true,true
Hahn_38908,Lauren Hahn,Lauren,Hahn,19720620,true,true,true
Edwards_96edd,Faith Edwards,Faith,Edwards,19770726,true,true,true
Vargas_0365e,Laura Vargas,Laura,Vargas,19771009,true,true,true
Lewis_f236b,Sarah Lewis,Sarah,Lewis,19810225,true,true,true
Huff_88806,Brad Huff,Brad,Huff,19611227,true,true,true
Richardson_e102e,Alexander Richardson,Alexander,Richardson,19581025,true,true,true
Moore_4788f,Matthew Moore,Matthew,Moore,20030707,true,true,true
Howard_99bdb,Joseph Howard,Joseph,Howard,19520726,true,true,true
Richards_9e514,Anne Richards,Anne,Richards,19690906,true,true,true
Thomas_a6b2a,Derek Thomas,Derek,Thomas,19640724,true,true,true
Bonilla_07c60,Joseph Bonilla,Joseph,Bonilla,19740508,true,true,true
Barber_8e448,Gary Barber,Gary,Barber,19551112,true,true,true
Johnson_01409,Brian Johnson,Brian,Johnson,19810617,true,true,true
Peterson_d3043,Christine Peterson,Christine,Peterson,19741119,true,true,true
Bautista_f2b74,Christopher Bautista,Christopher,Bautista,19941202,true,true,true
Krueger_f41b0,Barbara Krueger,Barbara,Krueger,19520322,true,true,true
Oconnor_efac7,Monica Oconnor,Monica,Oconnor,19800701,true,true,true
Johnson_317e0,Peggy Johnson,Peggy,Johnson,19720328,true,true,true
Herrera_2275e,Susan Herrera,Susan,Herrera,19550826,true,true,true
Matthews_33105,Andrew Matthews,Andrew,Matthews,19880219,true,true,true
Kennedy_e1e07,Erin Kennedy,Erin,Kennedy,19650109,true,true,true
Lopez_ad64b,Jason Lopez,Jason,Lopez,19740830,true,true,true
Clark_850e2,Jerry Clark,Jerry,Clark,19950928,true,true,true
Kim_bc531,Alyssa Kim,Alyssa,Kim,19900811,true,true,true
Williams_225d6,Courtney Williams,Courtney,Williams,19990919,true,true,true
Nelson_49b51,Matthew Nelson,Matthew,Nelson,19580127,true,true,true
Moore_bd6b1,Robert Moore,Robert,Moore,19550415,true,true,true
Mcgee_84007,Nicole Mcgee,Nicole,Mcgee,19590303,true,true,true
Hunter_c76d0,Danielle Hunter,Danielle,Hunter,19710811,true,true,true
Perez_016c7,Kelly Perez,Kelly,Perez,19600519,true,true,true
Odom_e8796,Mary Odom,Mary,Odom,19630813,true,true,true
Gibson_a7c50,Arthur Gibson II,Arthur,Gibson,19610603,true,true,true
Miller_5a80b,Christopher Miller,Christopher,Miller,19850131,true,true,true
Hopkins_7c2f6,Amber Hopkins,Amber,Hopkins,19750831,true,true,true
Garcia_76b84,Nancy Garcia,Nancy,Garcia,19680305,true,true,true
Rhodes_a5121,Alex Rhodes,Alex,Rhodes,19780913,true,true,true
Bennett_1ed65,Daniel Bennett,Daniel,Bennett,19730228,true,true,true
Woodard_0dee6,Kevin Woodard,Kevin,Woodard,19550809,true,true,true
Peterson_9e709,Alan Peterson,Alan,Peterson,19760129,true,true,true
Grant_46694,Jacob Grant,Jacob,Grant,19911204,true,true,true
Johnson_fcba1,Gabrielle Johnson,Gabrielle,Johnson,19581006,true,true,true
Morales_0598c,Caleb Morales,Caleb,Morales,19660329,true,true,true
Dominguez_e2663,James Dominguez,James,Dominguez,19881205,true,true,true
Cardenas_35ae4,Kathryn Cardenas,Kathryn,Cardenas,19830508,true,true,true
Santiago_5cbec,Jeffrey Santiago,Jeffrey,Santiago,19750228,true,true,true
Mclaughlin_b2423,Andrew Mclaughlin,Andrew,Mclaughlin,19730514,true,true,true
Bryan_e9e42,Mr. Bryan Porter,Mr.,Bryan,19570214,true,true,true
Smith_750a9,Brendan Smith,Brendan,Smith,19580516,true,true,true
Hernandez_f3251,Jeffrey Hernandez,Jeffrey,Hernandez,19891231,true,true,true
Miller_375ad,Michael Miller,Michael,Miller,19640520,true,true,true
Newman_069d1,Theresa Newman,Theresa,Newman,19941129,true,true,true
Romero_7ffde,Paul Romero,Paul,Romero,19601007,true,true,true
Choi_e37de,Janet Choi MD,Janet,Choi,19860718,true,true,true
Bender_b8ade,Mark Bender,Mark,Bender,19690911,true,true,true
Brown_b08b0,Abigail Brown,Abigail,Brown,19801008,true,true,true
Dominguez_821d7,Antonio Dominguez,Antonio,Dominguez,19801115,true,true,true
Morris_1057d,Tony Morris,Tony,Morris,19700805,true,true,true
Carlson_d8db2,Randy Carlson,Randy,Carlson,19550530,true,true,true
Pierce_7e42c,Mitchell Pierce,Mitchell,Pierce,20010824,true,true,true
West_0afba,Angela West,Angela,West,19810427,true,true,true
Peters_c9aea,Kevin Peters,Kevin,Peters,19670206,true,true,true
Conway_b14b9,Benjamin Conway,Benjamin,Conway,19551228,true,true,true
Stewart_5a9fe,Andrew Stewart,Andrew,Stewart,19510212,true,true,true
Jones_e27fe,Brenda Jones,Brenda,Jones,19550804,true,true,true
Bailey_5c8a5,Elizabeth Bailey,Elizabeth,Bailey,19630101,true,true,true
Levy_b4299,Kelly Levy,Kelly,Levy,19940508,true,true,true
Burton_e624b,Thomas Burton,Thomas,Burton,19750419,true,true,true
Peterson_c41f4,Paul Peterson,Paul,Peterson,20021225,true,true,true
Reilly_1c829,Michael Reilly,Michael,Reilly,19720514,true,true,true
Martinez_d6f6b,Alejandra Martinez,Alejandra,Martinez,19791221,true,true,true
Sanders_e813f,Timothy Sanders,Timothy,Sanders,19521003,true,true,true
Little_c16bd,Latoya Little,Latoya,Little,19780807,true,true,true
Harvey_119d2,Sarah Harvey,Sarah,Harvey,19600331,true,true,true
Ortiz_84be0,Melissa Ortiz,Melissa,Ortiz,19580729,true,true,true
Hernandez_bcb5b,Brooke Hernandez,Brooke,Hernandez,19911114,true,true,true
Livingston_19295,Lisa Livingston,Lisa,Livingston,19500423,true,true,true
Mason_6bc9b,Eugene Mason,Eugene,Mason,19781213,true,true,true
Cunningham_12799,Daniel Cunningham,Daniel,Cunningham,19730326,true,true,true
Smith_894dd,Alex Smith,Alex,Smith,20020503,true,true,true
Vargas_ed53f,Jessica Vargas,Jessica,Vargas,19810517,true,true,true
Clark_92a9e,Olivia Clark,Olivia,Clark,19741001,true,true,true
Carney_0d73a,Cathy Carney,Cathy,Carney,19970522,true,true,true
Baldwin_b3439,Haley Baldwin,Haley,Baldwin,19650413,true,true,true
Wilson_51998,Alexander Wilson,Alexander,Wilson,19881111,true,true,true
Cole_2b0a2,April Cole,April,Cole,19610622,true,true,true
Riley_3e1f8,Holly Riley,Holly,Riley,19740728,true,true,true
Poole_23f28,Jeffrey Poole,Jeffrey,Poole,19570204,true,true,true
Poole_c5b79,Rachel Poole,Rachel,Poole,19760708,true,true,true
Ward_57d0c,Sheena Ward,Sheena,Ward,19730926,true,true,true
Smith_9f8dc,Cynthia Smith,Cynthia,Smith,19510905,true,true,true
Clayton_7f5be,Kevin Clayton,Kevin,Clayton,19750708,true,true,true
Coleman_db259,Sarah Coleman,Sarah,Coleman,19500119,true,true,true
Becker_dd317,Cody Becker,Cody,Becker,19601216,true,true,true
Molly_4ae09,Miss Molly Miller,Miss,Molly,19771105,true,true,true
Bailey_fac5d,Craig Bailey,Craig,Bailey,19970713,true,true,true
Gray_00c0a,Patricia Gray,Patricia,Gray,19660319,true,true,true
Rivera_6a7ce,Robert Rivera DVM,Robert,Rivera,19500722,true,true,true
Michelle_afe1c,Miss Michelle Lewis,Miss,Michelle,19830121,true,true,true
Owens_4cd37,John Owens,John,Owens,19670424,true,true,true
Smith_313dd,Sarah Smith,Sarah,Smith,19680804,true,true,true
Lucas_94653,Nancy Lucas,Nancy,Lucas,19830706,true,true,true
Murray_a46c7,Christina Murray,Christina,Murray,19791217,true,true,true
Berry_c02ad,Emma Berry,Emma,Berry,19940107,true,true,true
Gross_2742d,Christopher Gross,Christopher,Gross,20031114,true,true,true
Hawkins_8aa4f,Jason Hawkins,Jason,Hawkins,19541001,true,true,true
Rodriguez_84bf3,Jeffrey Rodriguez,Jeffrey,Rodriguez,19690718,true,true,true
Miller_84bb3,Christina Miller,Christina,Miller,19530425,true,true,true
Miller_208dd,Maria Miller,Maria,Miller,19941221,true,true,true
Davis_3a81f,Eileen Davis,Eileen,Davis,19520404,true,true,true
Miller_4e2a7,Harry Miller,Harry,Miller,19890613,true,true,true
Montes_29eaa,Ellen Montes,Ellen,Montes,19610714,true,true,true
Mclean_3b78d,Gregory Mclean,Gregory,Mclean,19610801,true,true,true
Spencer_071ed,Angela Spencer,Angela,Spencer,19980502,true,true,true
Price_fb35b,Christina Price,Christina,Price,19860508,true,true,true
Randall_fe7f8,Amber Randall,Amber,Randall,19520910,true,true,true
Morris_f9657,Matthew Morris,Matthew,Morris,19981111,true,true,true
Blackburn_0c5fb,Cindy Blackburn,Cindy,Blackburn,20001008,true,true,true
Jacobson_496c2,Matthew Jacobson,Matthew,Jacobson,19510412,true,true,true
Jones_c6f5d,Stacy Jones,Stacy,Jones,19940909,true,true,true
Zimmerman_881d6,Scott Zimmerman,Scott,Zimmerman,19560130,true,true,true
Silva_fff90,Dakota Silva,Dakota,Silva,19790710,true,true,true
Spencer_d5b01,Jacob Spencer MD,Jacob,Spencer,19620226,true,true,true
Oliver_94edc,Matthew Oliver,Matthew,Oliver,19720423,true,true,true
Maddox_6974f,Roger Maddox,Roger,Maddox,19810426,true,true,true
Gutierrez_c61e8,Bryan Gutierrez,Bryan,Gutierrez,19881118,true,true,true
Schultz_5fff4,Peter Schultz,Peter,Schultz,19570829,true,true,true
Burke_a32e6,Justin Burke,Justin,Burke,19960212,true,true,true
Ramsey_4c3e8,Sarah Ramsey,Sarah,Ramsey,19640622,true,true,true
Chang_e27c8,Michael Chang,Michael,Chang,19900209,true,true,true
Hughes_bf91b,Pamela Hughes,Pamela,Hughes,19570116,true,true,true
Morris_25892,Jimmy Morris,Jimmy,Morris,19640120,true,true,true
Romero_e5750,Lauren Romero,Lauren,Romero,20020425,true,true,true
Jones_2b07e,Adam Jones,Adam,Jones,19570107,true,true,true
Murphy_5dc4e,Matthew Murphy,Matthew,Murphy,19600216,true,true,true
Arroyo_a6982,Jessica Arroyo,Jessica,Arroyo,20021019,true,true,true
Zuniga_a2d94,Caleb Zuniga,Caleb,Zuniga,19681028,true,true,true
Moreno_8048c,Cheyenne Moreno,Cheyenne,Moreno,19600912,true,true,true
Lopez_93fe3,Courtney Lopez,Courtney,Lopez,19710810,true,true,true
Williamson_2b72a,Kenneth Williamson,Kenneth,Williamson,19540310,true,true,true
Browning_1f631,Bruce Browning,Bruce,Browning,19631113,true,true,true
Gilbert_cba39,Shannon Gilbert,Shannon,Gilbert,19920613,true,true,true
Brown_cde99,Amanda Brown,Amanda,Brown,19541218,true,true,true
Gomez_010a6,Riley Gomez,Riley,Gomez,19810211,true,true,true
Price_e8f96,Shelby Price,Shelby,Price,19860807,true,true,true
Harris_fc222,Scott Harris,Scott,Harris,19901214,true,true,true
Franklin_f8d94,Bonnie Franklin,Bonnie,Franklin,19880714,true,true,true
Morris_73a97,Ashley Morris,Ashley,Morris,20021001,true,true,true
Jensen_676e2,Jack Jensen,Jack,Jensen,19601229,true,true,true
Armstrong_f79a4,Daniel Armstrong,Daniel,Armstrong,19820714,true,true,true
Donovan_6c619,Susan Donovan,Susan,Donovan,19690130,true,true,true
Powell_4f74d,Michael Powell,Michael,Powell,19941127,true,true,true
Lowe_73be1,Alexander Lowe,Alexander,Lowe,19610508,true,true,true
Wilson_6845c,Aaron Wilson,Aaron,Wilson,19870517,true,true,true
Lee_d3d5c,Samuel Lee,Samuel,Lee,19740902,true,true,true
Weaver_feb81,Jennifer Weaver,Jennifer,Weaver,19781015,true,true,true
Hamilton_f2276,Leonard Hamilton,Leonard,Hamilton,19880229,true,true,true
Phillips_608c9,Kathy Phillips,Kathy,Phillips,19841216,true,true,true
Jimenez_5ed59,Jennifer Jimenez,Jennifer,Jimenez,19921121,true,true,true
Lawson_6d37f,Victoria Lawson,Victoria,Lawson,19540412,true,true,true
Martinez_bc0fc,Michael Martinez,Michael,Martinez,19521107,true,true,true
Paul_f903f,Dr. Paul Jones,Dr.,Paul,19940215,true,true,true
Tran_40aaa,Danielle Tran,Danielle,Tran,19880826,true,true,true
Freeman_35a3d,Jeff Freeman,Jeff,Freeman,20030520,true,true,true
Jones_cdd9f,Marissa Jones,Marissa,Jones,19580806,true,true,true
Roy_57ef7,Elijah Roy,Elijah,Roy,19870705,true,true,true
Simpson_7383f,Courtney Simpson,Courtney,Simpson,19731103,true,true,true
Hopkins_56d12,Kimberly Hopkins,Kimberly,Hopkins,19931022,true,true,true
King_4ae33,William King,William,King,19841115,true,true,true
Robertson_e101e,Stephanie Robertson,Stephanie,Robertson,20020508,true,true,true
Hill_bd6cc,Rickey Hill,Rickey,Hill,19640430,true,true,true
Stewart_40f40,Erika Stewart,Erika,Stewart,19851226,true,true,true
Johnson_5dcd5,Christina Johnson,Christina,Johnson,20010622,true,true,true
Wells_5c2c0,Kelli Wells,Kelli,Wells,19540308,true,true,true
Archer_c6232,Nathan Archer,Nathan,Archer,19560723,true,true,true
Kline_6fe75,Michael Kline,Michael,Kline,19650623,true,true,true
Rodriguez_1eec6,Joshua Rodriguez,Joshua,Rodriguez,19530317,true,true,true
Rodriguez_a7ea3,James Rodriguez,James,Rodriguez,19810717,true,true,true
Ortega_7f647,Robert Ortega,Robert,Ortega,19600316,true,true,true
Ruiz_e89df,Teresa Ruiz,Teresa,Ruiz,19510904,true,true,true
Mejia_10b0a,Madison Mejia,Madison,Mejia,19530323,true,true,true
Bailey_6dd20,James Bailey,James,Bailey,19860710,true,true,true
Perry_e8625,Mary Perry,Mary,Perry,19730808,true,true,true
Jones_85733,Crystal Jones,Crystal,Jones,19620914,true,true,true
Brown_9035e,Aaron Brown,Aaron,Brown,19860502,true,true,true
Barajas_c09f8,Tanya Barajas,Tanya,Barajas,19740430,true,true,true
Rasmussen_0fcc4,Samantha Rasmussen,Samantha,Rasmussen,19940621,true,true,true
Martin_92713,Vincent Martin,Vincent,Martin,19840124,true,true,true
Crawford_a2a35,Tony Crawford,Tony,Crawford,19870818,true,true,true
Sullivan_7d828,Randy Sullivan,Randy,Sullivan,19611025,true,true,true
Thompson_5e06b,Kimberly Thompson,Kimberly,Thompson,20001112,true,true,true
Compton_395a9,Martin Compton,Martin,Compton,19840602,true,true,true
Brown_8baf8,Tracy Brown,Tracy,Brown,19720823,true,true,true
Preston_b78bc,Leslie Preston,Leslie,Preston,19721005,true,true,true
Parker_311d6,Jay Parker,Jay,Parker,19930930,true,true,true
Williams_44d67,Lance Williams,Lance,Williams,19730807,true,true,true
Allen_b02ca,Kathleen Allen,Kathleen,Allen,19860113,true,true,true
Lamb_5dc6d,Marie Lamb,Marie,Lamb,19790410,true,true,true
Flores_b1169,Nathan Flores,Nathan,Flores,19790904,true,true,true
Caldwell_aa013,Ashley Caldwell,Ashley,Caldwell,19880903,true,true,true
Martin_caab2,Renee Martin,Renee,Martin,19810421,true,true,true
Parker_0793e,Keith Parker,Keith,Parker,19640826,true,true,true
Levy_bef91,Melissa Levy,Melissa,Levy,19500330,true,true,true
Powell_fe4b6,Brandon Powell,Brandon,Powell,19760606,true,true,true
Stone_1d9aa,Kimberly Stone,Kimberly,Stone,19940512,true,true,true
Jones_575ba,Adam Jones,Adam,Jones,19730316,true,true,true
Andersen_61066,Elizabeth Andersen,Elizabeth,Andersen,19740123,true,true,true
Lutz_6aa1c,Destiny Lutz,Destiny,Lutz,19941204,true,true,true
Allen_54dd1,Brandy Allen,Brandy,Allen,19810113,true,true,true
Decker_0c2ca,Stephanie Decker,Stephanie,Decker,19770905,true,true,true
Keller_86f7a,Michelle Keller,Michelle,Keller,19510706,true,true,true
Yates_d9866,Stacey Yates,Stacey,Yates,19920812,true,true,true
Lee_f9df7,Sue Lee,Sue,Lee,19860829,true,true,true
Long_850ab,Anna Long,Anna,Long,19740316,true,true,true
Watson_6dc0c,Annette Watson,Annette,Watson,19580423,true,true,true
Thomas_6cc50,James Thomas,James,Thomas,19520509,true,true,true
Olson_50aa7,Kelli Olson,Kelli,Olson,19960723,true,true,true
Reid_1bdd4,Becky Reid,Becky,Reid,19751027,true,true,true
Shaw_afe1c,Wesley Shaw,Wesley,Shaw,19830121,true,true,true
Boyd_94bd7,Pamela Boyd,Pamela,Boyd,19680628,true,true,true
Lewis_644d9,Jeremy Lewis,Jeremy,Lewis,19530107,true,true,true
Garza_be6d1,Jennifer Garza,Jennifer,Garza,19890603,true,true,true
Perry_b530f,Joseph Perry,Joseph,Perry,19510616,true,true,true
Herman_0ab62,Heather Herman,Heather,Herman,19710606,true,true,true
Lopez_ea347,Laura Lopez,Laura,Lopez,19901221,true,true,true
Barnes_f462c,Reginald Barnes,Reginald,Barnes,19730214,true,true,true
Weaver_201e1,Robert Weaver,Robert,Weaver,19820218,true,true,true
Martinez_204f4,Beth Martinez,Beth,Martinez,19681225,true,true,true
Ware_0b5e6,Spencer Ware,Spencer,Ware,19801009,true,true,true
Erickson_3df9d,Willie Erickson,Willie,Erickson,19910110,true,true,true
Nguyen_6a5e7,Daniel Nguyen,Daniel,Nguyen,19590903,true,true,true
Martinez_7564a,Leonard Martinez,Leonard,Martinez,19560922,true,true,true
Stephens_5a6e3,Robert Stephens,Robert,Stephens,20000619,true,true,true
Chen_7d3b1,Daniel Chen,Daniel,Chen,19520716,true,true,true
Dalton_32ce4,Samuel Dalton,Samuel,Dalton,19960916,true,true,true
Bennett_dcbc8,Heather Bennett,Heather,Bennett,20020105,true,true,true
King_f3369,Joshua King,Joshua,King,20000601,true,true,true
Blake_e7660,Crystal Blake,Crystal,Blake,19701117,true,true,true
Evans_62a52,Amanda Evans,Amanda,Evans,19590224,true,true,true
Day_69b70,Sergio Day,Sergio,Day,19510531,true,true,true
Boyd_9e514,Julie Boyd,Julie,Boyd,19690906,true,true,true
Watkins_c9964,Logan Watkins,Logan,Watkins,20000511,true,true,true
Ortiz_8f14e,Steven Ortiz,Steven,Ortiz,19670506,true,true,true
Marquez_7aa36,Lisa Marquez,Lisa,Marquez,19710326,true,true,true
Martin_82381,Jennifer Martin,Jennifer,Martin,19830527,true,true,true
Chandler_4ab75,Arthur Chandler,Arthur,Chandler,19610210,true,true,true
Hudson_31f1d,Ronald Hudson,Ronald,Hudson,19510310,true,true,true
Lee_f2321,Jennifer Lee,Jennifer,Lee,19500401,true,true,true
Yoder_70108,Gregory Yoder,Gregory,Yoder,19530620,true,true,true
Harmon_69598,Carolyn Harmon,Carolyn,Harmon,19980124,true,true,true
Christopher_7257b,Dr. Christopher Harrell,Dr.,Christopher,19700630,true,true,true
Johnson_a67f3,Kevin Johnson,Kevin,Johnson,19930802,true,true,true
Harrison_087c8,Michael Harrison,Michael,Harrison,19510819,true,true,true
Moore_c62aa,Terry Moore,Terry,Moore,19870615,true,true,true
Rogers_656af,James Rogers,James,Rogers,19930704,true,true,true
Tran_b0eca,Kathleen Tran,Kathleen,Tran,19740211,true,true,true
Martinez_ad61a,Bryan Martinez,Bryan,Martinez,19610604,true,true,true
Conway_ae427,Jacqueline Conway,Jacqueline,Conway,19710617,true,true,true
Cole_92aa4,Maxwell Cole,Maxwell,Cole,19510203,true,true,true
Williamson_2b72a,Bethany Williamson,Bethany,Williamson,19540310,true,true,true
Wright_f1b73,Joseph Wright,Joseph,Wright,19570521,true,true,true
Bolton_06e0a,Heidi Bolton,Heidi,Bolton,19560616,true,true,true
Lewis_e0082,Daniel Lewis,Daniel,Lewis,19770205,true,true,true
Ramirez_63293,Dale Ramirez,Dale,Ramirez,19550323,true,true,true
Sharp_19bdd,Carol Sharp,Carol,Sharp,19751203,true,true,true
Buck_542b9,Joseph Buck,Joseph,Buck,19520311,true,true,true
Anderson_542fb,Lynn Anderson,Lynn,Anderson,19960113,true,true,true
Harris_526ca,Sarah Harris,Sarah,Harris,20010530,true,true,true
Owens_620f1,Victor Owens,Victor,Owens,19960815,true,true,true
Koch_43971,Kimberly Koch,Kimberly,Koch,19870125,true,true,true
Obrien_00e34,Allison Obrien,Allison,Obrien,19620423,true,true,true
Rogers_83dc9,John Rogers,John,Rogers,19710509,true,true,true
Collins_120bd,Janet Collins,Janet,Collins,19840721,true,true,true
Lawson_a0aec,Kristin Lawson,Kristin,Lawson,19761101,true,true,true
Castaneda_7660a,James Castaneda,James,Castaneda,19640126,true,true,true
Ortiz_66abd,Robert Ortiz,Robert,Ortiz,19761108,true,true,true
Harper_709ac,Connie Harper,Connie,Harper,19950627,true,true,true
Burns_f2b3a,Debbie Burns,Debbie,Burns,19830806,true,true,true
Preston_b6298,Gabriel Preston,Gabriel,Preston,19961120,true,true,true
Orozco_02d2b,Brandon Orozco,Brandon,Orozco,19870717,true,true,true
Nguyen_6f546,Kari Nguyen,Kari,Nguyen,19991119,true,true,true
Hill_2c87a,Brittany Hill,Brittany,Hill,19870605,true,true,true
Martinez_a7c33,Carrie Martinez,Carrie,Martinez,19740124,true,true,true
White_e9960,Linda White,Linda,White,19751015,true,true,true
Spencer_c21d7,Jake Spencer,Jake,Spencer,20020509,true,true,true
Chan_f9d1e,Joseph Chan,Joseph,Chan,19660922,true,true,true
Ali_a2746,Kathleen Ali,Kathleen,Ali,19960602,true,true,true
Stephens_baaae,Danielle Stephens,Danielle,Stephens,19610929,true,true,true
Schaefer_ff120,Brianna Schaefer,Brianna,Schaefer,19760312,true,true,true
Morris_d143a,Angela Morris,Angela,Morris,19760207,true,true,true
Smith_69b70,Jessica Smith,Jessica,Smith,19510531,true,true,true
Long_f0fca,Brenda Long,Brenda,Long,19510914,true,true,true
Taylor_7a3e1,Megan Taylor,Megan,Taylor,19931005,true,true,true
Morales_3cabc,Kelly Morales,Kelly,Morales,19800227,true,true,true
Johnson_5c594,Sheri Johnson,Sheri,Johnson,19880422,true,true,true
Pacheco_7ccf5,Lori Pacheco,Lori,Pacheco,19620630,true,true,true
Schmidt_be25c,Sandra Schmidt,Sandra,Schmidt,19590711,true,true,true
Rachel_bc827,Ms. Rachel Hill,Ms.,Rachel,19540212,true,true,true
Case_1fe51,Emily Case,Emily,Case,19850508,true,true,true
Alvarez_f00bd,Seth Alvarez,Seth,Alvarez,19800801,true,true,true
Reyes_0a636,Jose Reyes,Jose,Reyes,19700929,true,true,true
Le_44e84,Zachary Le,Zachary,Le,19851028,true,true,true
Anthony_91ec3,Rhonda Anthony,Rhonda,Anthony,19740915,true,true,true
Hill_0d4d9,Joseph Hill,Joseph,Hill,20020923,true,true,true
Davis_dbcb2,Erin Davis,Erin,Davis,19600917,true,true,true
Brown_1ebf8,Lucas Brown,Lucas,Brown,19891101,true,true,true
Garcia_72e9b,William Garcia,William,Garcia,19850912,true,true,true
Swanson_b3ea5,Lauren Swanson,Lauren,Swanson,19610921,true,true,true
Frank_4dfb9,John Frank,John,Frank,19500519,true,true,true
Schmidt_54bf2,Nicole Schmidt,Nicole,Schmidt,19651109,true,true,true
Gray_15cd6,Nathan Gray,Nathan,Gray,19960618,true,true,true
Delgado_f68ba,Nichole Delgado,Nichole,Delgado,19720305,true,true,true
Rodriguez_3a35b,Marcus Rodriguez,Marcus,Rodriguez,19690511,true,true,true
Solomon_23bae,Samuel Solomon,Samuel,Solomon,19871230,true,true,true
Miller_5c2c0,Katrina Miller,Katrina,Miller,19540308,true,true,true
Conner_71970,Raymond Conner,Raymond,Conner,19970128,true,true,true
Fuller_9068b,Lori Fuller,Lori,Fuller,19680101,true,true,true
Wilson_da57e,Corey Wilson,Corey,Wilson,19531011,true,true,true
James_e7a3a,Holly James,Holly,James,19641104,true,true,true
Mccarty_a4b9d,Alicia Mccarty,Alicia,Mccarty,19820916,true,true,true
Christian_90eb3,Zoe Christian,Zoe,Christian,19990319,true,true,true
Watson_61db6,Nicholas Watson,Nicholas,Watson,19620403,true,true,true
Wood_67f27,Victoria Wood,Victoria,Wood,19910622,true,true,true
Knight_10192,Jillian Knight,Jillian,Knight,19881108,true,true,true
Fisher_27703,Ryan Fisher,Ryan,Fisher,19871030,true,true,true
Howe_80a05,Stephanie Howe,Stephanie,Howe,19630509,true,true,true
Kim_c0e4a,Kenneth Kim,Kenneth,Kim,19990505,true,true,true
Macias_a4116,Andrew Macias,Andrew,Macias,19661013,true,true,true
Huffman_fb25a,Elizabeth Huffman,Elizabeth,Huffman,19580918,true,true,true
Stone_9ab9f,Christina Stone,Christina,Stone,19930320,true,true,true
Merritt_696fd,Alexander Merritt,Alexander,Merritt,19800913,true,true,true
Sanders_e9c2f,Kelly Sanders,Kelly,Sanders,19520413,true,true,true
Jones_fae51,Matthew Jones,Matthew,Jones,20000615,true,true,true
David_39e9f,Sarah David,Sarah,David,19981216,true,true,true
Barajas_62836,Carmen Barajas,Carmen,Barajas,19810526,true,true,true
Johnson_5dcba,Angela Johnson,Angela,Johnson,19840827,true,true,true
Sparks_a67f3,Melissa Sparks,Melissa,Sparks,19930802,true,true,true
Hill_e971e,Katherine Hill,Katherine,Hill,19830918,true,true,true
Hart_3b264,Kristin Hart,Kristin,Hart,19661217,true,true,true
Ho_73551,Jacqueline Ho,Jacqueline,Ho,19610131,true,true,true
Knight_d46f2,Michael Knight,Michael,Knight,19870804,true,true,true
Arroyo_44022,Heather Arroyo,Heather,Arroyo,19790709,true,true,true
Larson_06714,Lori Larson,Lori,Larson,19630807,true,true,true
Vazquez_73e4f,David Vazquez,David,Vazquez,19901206,true,true,true
Hicks_5e5f2,Sherry Hicks,Sherry,Hicks,19611127,true,true,true
Davila_1977b,Sarah Davila,Sarah,Davila,19790906,true,true,true
Oneill_7278c,Karen Oneill,Karen,Oneill,19921004,true,true,true
Mills_f511a,Nicholas Mills,Nicholas,Mills,19631001,true,true,true
Montgomery_1a334,Jennifer Montgomery,Jennifer,Montgomery,19710715,true,true,true
Bailey_13beb,Cynthia Bailey,Cynthia,Bailey,19790825,true,true,true
Wright_fefcf,John Wright,John,Wright,19831019,true,true,true
Brown_565a7,Sheila Brown,Sheila,Brown,19821128,true,true,true
Moore_a6529,Lisa Moore,Lisa,Moore,19941119,true,true,true
Newman_15a27,Julian Newman,Julian,Newman,19580313,true,true,true
Ferguson_fb458,Thomas Ferguson,Thomas,Ferguson,19591213,true,true,true
Rodriguez_a9b99,Lauren Rodriguez,Lauren,Rodriguez,19931016,true,true,true
Anderson_76323,Richard Anderson,Richard,Anderson,19580706,true,true,true
Lee_7f12f,Jessica Lee,Jessica,Lee,19670124,true,true,true
Allen_7a4f2,Martin Allen,Martin,Allen,20020924,true,true,true
Mitchell_06d3f,Angela Mitchell,Angela,Mitchell,19690105,true,true,true
Sanchez_9f266,Derrick Sanchez,Derrick,Sanchez,19700424,true,true,true
Ellis_b9ff0,Christine Ellis,Christine,Ellis,19980617,true,true,true
Salinas_4cb46,Alyssa Salinas,Alyssa,Salinas,19981007,true,true,true
Kevin_8cd29,Mr. Kevin Walsh,Mr.,Kevin,19920805,true,true,true
Knox_d64ed,Kenneth Knox,Kenneth,Knox,19990626,true,true,true
Mitchell_1bdd4,Steve Mitchell,Steve,Mitchell,19751027,true,true,true
Hendricks_a352c,Craig Hendricks,Craig,Hendricks,19951018,true,true,true
Kerr_a02d8,Ricky Kerr,Ricky,Kerr,19510625,true,true,true
Aguilar_d3661,Gloria Aguilar,Gloria,Aguilar,19690606,true,true,true
Knight_7e064,Alexander Knight,Alexander,Knight,19740812,true,true,true
Cross_36c08,Joseph Cross,Joseph,Cross,19530126,true,true,true
Joel_1466d,Dr. Joel Myers PhD,Dr.,Joel,19720920,true,true,true
Mckee_92c0e,Michael Mckee,Michael,Mckee,20000917,true,true,true
Park_a639e,Roy Park,Roy,Park,19551029,true,true,true
Castro_49d90,Jonathan Castro,Jonathan,Castro,19700409,true,true,true
Carroll_78391,Richard Carroll,Richard,Carroll,19610526,true,true,true
Fletcher_e6fff,Michelle Fletcher,Michelle,Fletcher,19831024,true,true,true
Murphy_ecd95,Carol Murphy,Carol,Murphy,19640317,true,true,true
Russell_203e4,Michael Russell,Michael,Russell,19680308,true,true,true
Andrews_776f9,Shawna Andrews,Shawna,Andrews,19981115,true,true,true
Hernandez_3d7b1,Dana Hernandez,Dana,Hernandez,19940126,true,true,true
Harris_e20bd,Lauren Harris,Lauren,Harris,19780811,true,true,true
Morales_867f3,Sean Morales,Sean,Morales,20030920,true,true,true
Mendoza_fa60d,John Mendoza,John,Mendoza,19850519,true,true,true
Mcdaniel_4de3f,Sierra Mcdaniel,Sierra,Mcdaniel,20030713,true,true,true
Smith_85c0b,Wendy Smith,Wendy,Smith,19700128,true,true,true
Diaz_0bd1d,Leslie Diaz,Leslie,Diaz,19570430,true,true,true
Snyder_d3f05,Grant Snyder,Grant,Snyder,19731031,true,true,true
Jenkins_27fe6,Brandi Jenkins,Brandi,Jenkins,19651228,true,true,true
Haynes_18bc2,Amy Haynes,Amy,Haynes,19600314,true,true,true
Roberts_d606a,John Roberts,John,Roberts,19540315,true,true,true
Nelson_fde1d,Carrie Nelson,Carrie,Nelson,19510609,true,true,true
Hood_bb6b9,Jacob Hood,Jacob,Hood,19560208,true,true,true
Charles_02485,Tracy Charles,Tracy,Charles,19931108,true,true,true
Johnson_56e3d,Brandon Johnson,Brandon,Johnson,19850310,true,true,true
Nelson_f7fc3,Wendy Nelson,Wendy,Nelson,19650108,true,true,true
Ramsey_843ef,Jasmine Ramsey,Jasmine,Ramsey,19500407,true,true,true
Beltran_b42ac,William Beltran,William,Beltran,19850313,true,true,true
Stuart_08df4,Gerald Stuart,Gerald,Stuart,19951008,true,true,true
Vaughan_40056,Jacob Vaughan,Jacob,Vaughan,19830908,true,true,true
Fuentes_0598c,Matthew Fuentes,Matthew,Fuentes,19660329,true,true,true
Carpenter_4acee,April Carpenter,April,Carpenter,19710929,true,true,true
Garcia_d383b,Rachel Garcia,Rachel,Garcia,19961021,true,true,true
Madden_d8100,Patrick Madden,Patrick,Madden,19941101,true,true,true
Myers_96365,Angela Myers,Angela,Myers,19740126,true,true,true
Baker_726e6,Wayne Baker,Wayne,Baker,19671227,true,true,true
Cox_c2d50,Haley Cox,Haley,Cox,19641001,true,true,true
Sanders_65a5d,Dan Sanders,Dan,Sanders,19500813,true,true,true
Fisher_cd40a,Thomas Fisher,Thomas,Fisher,19850415,true,true,true
Lopez_d2a7d,Taylor Lopez,Taylor,Lopez,19570522,true,true,true
Macias_b438f,Jeffrey Macias,Jeffrey,Macias,19901003,true,true,true
Drake_a32f0,Brian Drake,Brian,Drake,19620211,true,true,true
Jordan_26d57,Timothy Jordan,Timothy,Jordan,19991228,true,true,true
Leblanc_25e89,Kathy Leblanc,Kathy,Leblanc,19810227,true,true,true
Floyd_ee7c0,William Floyd,William,Floyd,19720713,true,true,true
Hayden_44dbe,Angela Hayden,Angela,Hayden,19960623,true,true,true
Hodges_c3205,Renee Hodges,Renee,Hodges,19871228,true,true,true
Miller_b1a7b,Samantha Miller,Samantha,Miller,19650406,true,true,true
Orozco_32e5d,Lauren Orozco,Lauren,Orozco,20000126,true,true,true
Owen_1c1c8,April Owen,April,Owen,19670923,true,true,true
Evan_eeae9,Mr. Evan Russell,Mr.,Evan,19590120,true,true,true
Castaneda_1e9a5,Brent Castaneda,Brent,Castaneda,19580307,true,true,true
Peters_62c2d,Gregory Peters,Gregory,Peters,19900902,true,true,true
Salazar_8a391,Matthew Salazar,Matthew,Salazar,19991211,true,true,true
Martinez_fa7cb,Natasha Martinez,Natasha,Martinez,19680418,true,true,true
Powell_89e26,Charles Powell,Charles,Powell,19970906,true,true,true
Powell_c3379,Brian Powell,Brian,Powell,19591115,true,true,true
Sandoval_6592d,Laura Sandoval,Laura,Sandoval,19860913,true,true,true
Charles_bc4a4,Mr. Charles Gonzalez,Mr.,Charles,19710404,true,true,true
Caldwell_92d76,Nicholas Caldwell,Nicholas,Caldwell,19770714,true,true,true
Wyatt_ac546,Brian Wyatt,Brian,Wyatt,19581211,true,true,true
Garcia_a540e,Ryan Garcia,Ryan,Garcia,19930815,true,true,true
Anderson_a86c0,Megan Anderson,Megan,Anderson,19700729,true,true,true
Hughes_5403f,Pamela Hughes,Pamela,Hughes,19870613,true,true,true
Scott_af31d,Tiffany Scott,Tiffany,Scott,19861110,true,true,true
Conway_b17c3,Stanley Conway,Stanley,Conway,19850905,true,true,true
Petty_89b4f,Yolanda Petty,Yolanda,Petty,19910125,true,true,true
Jones_7290c,Tara Jones,Tara,Jones,19850303,true,true,true
Williams_c20d3,George Williams,George,Williams,19810319,true,true,true
Allen_8c000,Lori Allen,Lori,Allen,20020916,true,true,true
Kelly_0c61d,Charles Kelly,Charles,Kelly,19690401,true,true,true
Villa_19bdd,Jonathan Villa,Jonathan,Villa,19751203,true,true,true
Jackson_40b1b,Cindy Jackson,Cindy,Jackson,19670727,true,true,true
Williams_09feb,Scott Williams,Scott,Williams,19800803,true,true,true
Hernandez_04544,Dylan Hernandez,Dylan,Hernandez,19950301,true,true,true
Garcia_6967c,Michelle Garcia,Michelle,Garcia,19801017,true,true,true
Bailey_255ab,Matthew Bailey,Matthew,Bailey,19870728,true,true,true
Flynn_066c3,Curtis Flynn,Curtis,Flynn,19780926,true,true,true
Perez_7a5c3,Thomas Perez,Thomas,Perez,19630220,true,true,true
Kline_e724e,Sheri Kline,Sheri,Kline,19940609,true,true,true
Jeff_4cd37,Mr. Jeff Baker,Mr.,Jeff,19670424,true,true,true
Johnson_a3713,Robert Johnson,Robert,Johnson,19520518,true,true,true
Thomas_2a3b9,Shannon Thomas,Shannon,Thomas,19680903,true,true,true
Murray_8d3f7,Jeffrey Murray,Jeffrey,Murray,19821221,true,true,true
Wagner_83f4e,Kristin Wagner,Kristin,Wagner,19970129,true,true,true
Shea_abeb3,Nicole Shea,Nicole,Shea,19560102,true,true,true
